index,type,a1,a2,a3,a4,a5,a6,a7,a8,mod_factor,a1_mod,a2_mod,a3_mod,a4_mod,a5_mod,a6_mod,a7_mod,a8_mod,norm_orig,norm_mod,proj_x,proj_y,dot_u
1,integer,-1.00000000,-1.00000000,0.00000000,0.00000000,0.00000000,0.00000000,0.00000000,0.00000000,0.88787897,-0.88787897,-0.88787897,0.00000000,0.00000000,0.00000000,0.00000000,0.00000000,0.00000000,1.41421356,1.25565048,-0.62782524,-0.62782524,-0.70710678
2,integer,-1.00000000,1.00000000,0.00000000,0.00000000,0.00000000,0.00000000,0.00000000,0.00000000,1.00000000,-1.00000000,1.00000000,0.00000000,0.00000000,0.00000000,0.00000000,0.00000000,0.00000000,1.41421356,1.41421356,0.00000000,0.00000000,0.00000000
3,integer,1.00000000,-1.00000000,0.00000000,0.00000000,0.00000000,0.00000000,0.00000000,0.00000000,1.00000000,1.00000000,-1.00000000,0.00000000,0.00000000,0.00000000,0.00000000,0.00000000,0.00000000,1.41421356,1.41421356,0.00000000,0.00000000,0.00000000
4,integer,1.00000000,1.00000000,0.00000000,0.00000000,0.00000000,0.00000000,0.00000000,0.00000000,1.11212103,1.11212103,1.11212103,0.00000000,0.00000000,0.00000000,0.00000000,0.00000000,0.00000000,1.41421356,1.57277664,0.78638832,0.78638832,0.70710678
5,integer,-1.00000000,0.00000000,-1.00000000,0.00000000,0.00000000,0.00000000,0.00000000,0.00000000,0.88787897,-0.88787897,0.00000000,-0.88787897,0.00000000,0.00000000,0.00000000,0.00000000,0.00000000,1.41421356,1.25565048,-0.62782524,-0.62782524,-0.70710678
6,integer,-1.00000000,0.00000000,1.00000000,0.00000000,0.00000000,0.00000000,0.00000000,0.00000000,1.00000000,-1.00000000,0.00000000,1.00000000,0.00000000,0.00000000,0.00000000,0.00000000,0.00000000,1.41421356,1.41421356,0.00000000,0.00000000,0.00000000
7,integer,1.00000000,0.00000000,-1.00000000,0.00000000,0.00000000,0.00000000,0.00000000,0.00000000,1.00000000,1.00000000,0.00000000,-1.00000000,0.00000000,0.00000000,0.00000000,0.00000000,0.00000000,1.41421356,1.41421356,0.00000000,0.00000000,0.00000000
8,integer,1.00000000,0.00000000,1.00000000,0.00000000,0.00000000,0.00000000,0.00000000,0.00000000,1.11212103,1.11212103,0.00000000,1.11212103,0.00000000,0.00000000,0.00000000,0.00000000,0.00000000,1.41421356,1.57277664,0.78638832,0.78638832,0.70710678
9,integer,-1.00000000,0.00000000,0.00000000,-1.00000000,0.00000000,0.00000000,0.00000000,0.00000000,0.88787897,-0.88787897,0.00000000,0.00000000,-0.88787897,0.00000000,0.00000000,0.00000000,0.00000000,1.41421356,1.25565048,-0.62782524,-0.62782524,-0.70710678
10,integer,-1.00000000,0.00000000,0.00000000,1.00000000,0.00000000,0.00000000,0.00000000,0.00000000,1.00000000,-1.00000000,0.00000000,0.00000000,1.00000000,0.00000000,0.00000000,0.00000000,0.00000000,1.41421356,1.41421356,0.00000000,0.00000000,0.00000000
11,integer,1.00000000,0.00000000,0.00000000,-1.00000000,0.00000000,0.00000000,0.00000000,0.00000000,1.00000000,1.00000000,0.00000000,0.00000000,-1.00000000,0.00000000,0.00000000,0.00000000,0.00000000,1.41421356,1.41421356,0.00000000,0.00000000,0.00000000
12,integer,1.00000000,0.00000000,0.00000000,1.00000000,0.00000000,0.00000000,0.00000000,0.00000000,1.11212103,1.11212103,0.00000000,0.00000000,1.11212103,0.00000000,0.00000000,0.00000000,0.00000000,1.41421356,1.57277664,0.78638832,0.78638832,0.70710678
13,integer,-1.00000000,0.00000000,0.00000000,0.00000000,-1.00000000,0.00000000,0.00000000,0.00000000,0.88787897,-0.88787897,0.00000000,0.00000000,0.00000000,-0.88787897,0.00000000,0.00000000,0.00000000,1.41421356,1.25565048,-0.62782524,-0.00000000,-0.70710678
14,integer,-1.00000000,0.00000000,0.00000000,0.00000000,1.00000000,0.00000000,0.00000000,0.00000000,1.00000000,-1.00000000,0.00000000,0.00000000,0.00000000,1.00000000,0.00000000,0.00000000,0.00000000,1.41421356,1.41421356,0.00000000,-0.70710678,0.00000000
15,integer,1.00000000,0.00000000,0.00000000,0.00000000,-1.00000000,0.00000000,0.00000000,0.00000000,1.00000000,1.00000000,0.00000000,0.00000000,0.00000000,-1.00000000,0.00000000,0.00000000,0.00000000,1.41421356,1.41421356,0.00000000,0.70710678,0.00000000
16,integer,1.00000000,0.00000000,0.00000000,0.00000000,1.00000000,0.00000000,0.00000000,0.00000000,1.11212103,1.11212103,0.00000000,0.00000000,0.00000000,1.11212103,0.00000000,0.00000000,0.00000000,1.41421356,1.57277664,0.78638832,0.00000000,0.70710678
17,integer,-1.00000000,0.00000000,0.00000000,0.00000000,0.00000000,-1.00000000,0.00000000,0.00000000,0.88787897,-0.88787897,0.00000000,0.00000000,0.00000000,0.00000000,-0.88787897,0.00000000,0.00000000,1.41421356,1.25565048,-0.62782524,-0.00000000,-0.70710678
18,integer,-1.00000000,0.00000000,0.00000000,0.00000000,0.00000000,1.00000000,0.00000000,0.00000000,1.00000000,-1.00000000,0.00000000,0.00000000,0.00000000,0.00000000,1.00000000,0.00000000,0.00000000,1.41421356,1.41421356,0.00000000,-0.70710678,0.00000000
19,integer,1.00000000,0.00000000,0.00000000,0.00000000,0.00000000,-1.00000000,0.00000000,0.00000000,1.00000000,1.00000000,0.00000000,0.00000000,0.00000000,0.00000000,-1.00000000,0.00000000,0.00000000,1.41421356,1.41421356,0.00000000,0.70710678,0.00000000
20,integer,1.00000000,0.00000000,0.00000000,0.00000000,0.00000000,1.00000000,0.00000000,0.00000000,1.11212103,1.11212103,0.00000000,0.00000000,0.00000000,0.00000000,1.11212103,0.00000000,0.00000000,1.41421356,1.57277664,0.78638832,0.00000000,0.70710678
21,integer,-1.00000000,0.00000000,0.00000000,0.00000000,0.00000000,0.00000000,-1.00000000,0.00000000,0.88787897,-0.88787897,0.00000000,0.00000000,0.00000000,0.00000000,0.00000000,-0.88787897,0.00000000,1.41421356,1.25565048,-0.62782524,-0.00000000,-0.70710678
22,integer,-1.00000000,0.00000000,0.00000000,0.00000000,0.00000000,0.00000000,1.00000000,0.00000000,1.00000000,-1.00000000,0.00000000,0.00000000,0.00000000,0.00000000,0.00000000,1.00000000,0.00000000,1.41421356,1.41421356,0.00000000,-0.70710678,0.00000000
23,integer,1.00000000,0.00000000,0.00000000,0.00000000,0.00000000,0.00000000,-1.00000000,0.00000000,1.00000000,1.00000000,0.00000000,0.00000000,0.00000000,0.00000000,0.00000000,-1.00000000,0.00000000,1.41421356,1.41421356,0.00000000,0.70710678,0.00000000
24,integer,1.00000000,0.00000000,0.00000000,0.00000000,0.00000000,0.00000000,1.00000000,0.00000000,1.11212103,1.11212103,0.00000000,0.00000000,0.00000000,0.00000000,0.00000000,1.11212103,0.00000000,1.41421356,1.57277664,0.78638832,0.00000000,0.70710678
25,integer,-1.00000000,0.00000000,0.00000000,0.00000000,0.00000000,0.00000000,0.00000000,-1.00000000,0.88787897,-0.88787897,0.00000000,0.00000000,0.00000000,0.00000000,0.00000000,0.00000000,-0.88787897,1.41421356,1.25565048,-0.62782524,-0.00000000,-0.70710678
26,integer,-1.00000000,0.00000000,0.00000000,0.00000000,0.00000000,0.00000000,0.00000000,1.00000000,1.00000000,-1.00000000,0.00000000,0.00000000,0.00000000,0.00000000,0.00000000,0.00000000,1.00000000,1.41421356,1.41421356,0.00000000,-0.70710678,0.00000000
27,integer,1.00000000,0.00000000,0.00000000,0.00000000,0.00000000,0.00000000,0.00000000,-1.00000000,1.00000000,1.00000000,0.00000000,0.00000000,0.00000000,0.00000000,0.00000000,0.00000000,-1.00000000,1.41421356,1.41421356,0.00000000,0.70710678,0.00000000
28,integer,1.00000000,0.00000000,0.00000000,0.00000000,0.00000000,0.00000000,0.00000000,1.00000000,1.11212103,1.11212103,0.00000000,0.00000000,0.00000000,0.00000000,0.00000000,0.00000000,1.11212103,1.41421356,1.57277664,0.78638832,0.00000000,0.70710678
29,integer,0.00000000,-1.00000000,-1.00000000,0.00000000,0.00000000,0.00000000,0.00000000,0.00000000,0.88787897,0.00000000,-0.88787897,-0.88787897,0.00000000,0.00000000,0.00000000,0.00000000,0.00000000,1.41421356,1.25565048,-0.62782524,-0.62782524,-0.70710678
30,integer,0.00000000,-1.00000000,1.00000000,0.00000000,0.00000000,0.00000000,0.00000000,0.00000000,1.00000000,0.00000000,-1.00000000,1.00000000,0.00000000,0.00000000,0.00000000,0.00000000,0.00000000,1.41421356,1.41421356,0.00000000,0.00000000,0.00000000
31,integer,0.00000000,1.00000000,-1.00000000,0.00000000,0.00000000,0.00000000,0.00000000,0.00000000,1.00000000,0.00000000,1.00000000,-1.00000000,0.00000000,0.00000000,0.00000000,0.00000000,0.00000000,1.41421356,1.41421356,0.00000000,0.00000000,0.00000000
32,integer,0.00000000,1.00000000,1.00000000,0.00000000,0.00000000,0.00000000,0.00000000,0.00000000,1.11212103,0.00000000,1.11212103,1.11212103,0.00000000,0.00000000,0.00000000,0.00000000,0.00000000,1.41421356,1.57277664,0.78638832,0.78638832,0.70710678
33,integer,0.00000000,-1.00000000,0.00000000,-1.00000000,0.00000000,0.00000000,0.00000000,0.00000000,0.88787897,0.00000000,-0.88787897,0.00000000,-0.88787897,0.00000000,0.00000000,0.00000000,0.00000000,1.41421356,1.25565048,-0.62782524,-0.62782524,-0.70710678
34,integer,0.00000000,-1.00000000,0.00000000,1.00000000,0.00000000,0.00000000,0.00000000,0.00000000,1.00000000,0.00000000,-1.00000000,0.00000000,1.00000000,0.00000000,0.00000000,0.00000000,0.00000000,1.41421356,1.41421356,0.00000000,0.00000000,0.00000000
35,integer,0.00000000,1.00000000,0.00000000,-1.00000000,0.00000000,0.00000000,0.00000000,0.00000000,1.00000000,0.00000000,1.00000000,0.00000000,-1.00000000,0.00000000,0.00000000,0.00000000,0.00000000,1.41421356,1.41421356,0.00000000,0.00000000,0.00000000
36,integer,0.00000000,1.00000000,0.00000000,1.00000000,0.00000000,0.00000000,0.00000000,0.00000000,1.11212103,0.00000000,1.11212103,0.00000000,1.11212103,0.00000000,0.00000000,0.00000000,0.00000000,1.41421356,1.57277664,0.78638832,0.78638832,0.70710678
37,integer,0.00000000,-1.00000000,0.00000000,0.00000000,-1.00000000,0.00000000,0.00000000,0.00000000,0.88787897,0.00000000,-0.88787897,0.00000000,0.00000000,-0.88787897,0.00000000,0.00000000,0.00000000,1.41421356,1.25565048,-0.62782524,-0.00000000,-0.70710678
38,integer,0.00000000,-1.00000000,0.00000000,0.00000000,1.00000000,0.00000000,0.00000000,0.00000000,1.00000000,0.00000000,-1.00000000,0.00000000,0.00000000,1.00000000,0.00000000,0.00000000,0.00000000,1.41421356,1.41421356,0.00000000,-0.70710678,0.00000000
39,integer,0.00000000,1.00000000,0.00000000,0.00000000,-1.00000000,0.00000000,0.00000000,0.00000000,1.00000000,0.00000000,1.00000000,0.00000000,0.00000000,-1.00000000,0.00000000,0.00000000,0.00000000,1.41421356,1.41421356,0.00000000,0.70710678,0.00000000
40,integer,0.00000000,1.00000000,0.00000000,0.00000000,1.00000000,0.00000000,0.00000000,0.00000000,1.11212103,0.00000000,1.11212103,0.00000000,0.00000000,1.11212103,0.00000000,0.00000000,0.00000000,1.41421356,1.57277664,0.78638832,0.00000000,0.70710678
41,integer,0.00000000,-1.00000000,0.00000000,0.00000000,0.00000000,-1.00000000,0.00000000,0.00000000,0.88787897,0.00000000,-0.88787897,0.00000000,0.00000000,0.00000000,-0.88787897,0.00000000,0.00000000,1.41421356,1.25565048,-0.62782524,-0.00000000,-0.70710678
42,integer,0.00000000,-1.00000000,0.00000000,0.00000000,0.00000000,1.00000000,0.00000000,0.00000000,1.00000000,0.00000000,-1.00000000,0.00000000,0.00000000,0.00000000,1.00000000,0.00000000,0.00000000,1.41421356,1.41421356,0.00000000,-0.70710678,0.00000000
43,integer,0.00000000,1.00000000,0.00000000,0.00000000,0.00000000,-1.00000000,0.00000000,0.00000000,1.00000000,0.00000000,1.00000000,0.00000000,0.00000000,0.00000000,-1.00000000,0.00000000,0.00000000,1.41421356,1.41421356,0.00000000,0.70710678,0.00000000
44,integer,0.00000000,1.00000000,0.00000000,0.00000000,0.00000000,1.00000000,0.00000000,0.00000000,1.11212103,0.00000000,1.11212103,0.00000000,0.00000000,0.00000000,1.11212103,0.00000000,0.00000000,1.41421356,1.57277664,0.78638832,0.00000000,0.70710678
45,integer,0.00000000,-1.00000000,0.00000000,0.00000000,0.00000000,0.00000000,-1.00000000,0.00000000,0.88787897,0.00000000,-0.88787897,0.00000000,0.00000000,0.00000000,0.00000000,-0.88787897,0.00000000,1.41421356,1.25565048,-0.62782524,-0.00000000,-0.70710678
46,integer,0.00000000,-1.00000000,0.00000000,0.00000000,0.00000000,0.00000000,1.00000000,0.00000000,1.00000000,0.00000000,-1.00000000,0.00000000,0.00000000,0.00000000,0.00000000,1.00000000,0.00000000,1.41421356,1.41421356,0.00000000,-0.70710678,0.00000000
47,integer,0.00000000,1.00000000,0.00000000,0.00000000,0.00000000,0.00000000,-1.00000000,0.00000000,1.00000000,0.00000000,1.00000000,0.00000000,0.00000000,0.00000000,0.00000000,-1.00000000,0.00000000,1.41421356,1.41421356,0.00000000,0.70710678,0.00000000
48,integer,0.00000000,1.00000000,0.00000000,0.00000000,0.00000000,0.00000000,1.00000000,0.00000000,1.11212103,0.00000000,1.11212103,0.00000000,0.00000000,0.00000000,0.00000000,1.11212103,0.00000000,1.41421356,1.57277664,0.78638832,0.00000000,0.70710678
49,integer,0.00000000,-1.00000000,0.00000000,0.00000000,0.00000000,0.00000000,0.00000000,-1.00000000,0.88787897,0.00000000,-0.88787897,0.00000000,0.00000000,0.00000000,0.00000000,0.00000000,-0.88787897,1.41421356,1.25565048,-0.62782524,-0.00000000,-0.70710678
50,integer,0.00000000,-1.00000000,0.00000000,0.00000000,0.00000000,0.00000000,0.00000000,1.00000000,1.00000000,0.00000000,-1.00000000,0.00000000,0.00000000,0.00000000,0.00000000,0.00000000,1.00000000,1.41421356,1.41421356,0.00000000,-0.70710678,0.00000000
51,integer,0.00000000,1.00000000,0.00000000,0.00000000,0.00000000,0.00000000,0.00000000,-1.00000000,1.00000000,0.00000000,1.00000000,0.00000000,0.00000000,0.00000000,0.00000000,0.00000000,-1.00000000,1.41421356,1.41421356,0.00000000,0.70710678,0.00000000
52,integer,0.00000000,1.00000000,0.00000000,0.00000000,0.00000000,0.00000000,0.00000000,1.00000000,1.11212103,0.00000000,1.11212103,0.00000000,0.00000000,0.00000000,0.00000000,0.00000000,1.11212103,1.41421356,1.57277664,0.78638832,0.00000000,0.70710678
53,integer,0.00000000,0.00000000,-1.00000000,-1.00000000,0.00000000,0.00000000,0.00000000,0.00000000,0.88787897,0.00000000,0.00000000,-0.88787897,-0.88787897,0.00000000,0.00000000,0.00000000,0.00000000,1.41421356,1.25565048,-0.62782524,-0.62782524,-0.70710678
54,integer,0.00000000,0.00000000,-1.00000000,1.00000000,0.00000000,0.00000000,0.00000000,0.00000000,1.00000000,0.00000000,0.00000000,-1.00000000,1.00000000,0.00000000,0.00000000,0.00000000,0.00000000,1.41421356,1.41421356,0.00000000,0.00000000,0.00000000
55,integer,0.00000000,0.00000000,1.00000000,-1.00000000,0.00000000,0.00000000,0.00000000,0.00000000,1.00000000,0.00000000,0.00000000,1.00000000,-1.00000000,0.00000000,0.00000000,0.00000000,0.00000000,1.41421356,1.41421356,0.00000000,0.00000000,0.00000000
56,integer,0.00000000,0.00000000,1.00000000,1.00000000,0.00000000,0.00000000,0.00000000,0.00000000,1.11212103,0.00000000,0.00000000,1.11212103,1.11212103,0.00000000,0.00000000,0.00000000,0.00000000,1.41421356,1.57277664,0.78638832,0.78638832,0.70710678
57,integer,0.00000000,0.00000000,-1.00000000,0.00000000,-1.00000000,0.00000000,0.00000000,0.00000000,0.88787897,0.00000000,0.00000000,-0.88787897,0.00000000,-0.88787897,0.00000000,0.00000000,0.00000000,1.41421356,1.25565048,-0.62782524,-0.00000000,-0.70710678
58,integer,0.00000000,0.00000000,-1.00000000,0.00000000,1.00000000,0.00000000,0.00000000,0.00000000,1.00000000,0.00000000,0.00000000,-1.00000000,0.00000000,1.00000000,0.00000000,0.00000000,0.00000000,1.41421356,1.41421356,0.00000000,-0.70710678,0.00000000
59,integer,0.00000000,0.00000000,1.00000000,0.00000000,-1.00000000,0.00000000,0.00000000,0.00000000,1.00000000,0.00000000,0.00000000,1.00000000,0.00000000,-1.00000000,0.00000000,0.00000000,0.00000000,1.41421356,1.41421356,0.00000000,0.70710678,0.00000000
60,integer,0.00000000,0.00000000,1.00000000,0.00000000,1.00000000,0.00000000,0.00000000,0.00000000,1.11212103,0.00000000,0.00000000,1.11212103,0.00000000,1.11212103,0.00000000,0.00000000,0.00000000,1.41421356,1.57277664,0.78638832,0.00000000,0.70710678
61,integer,0.00000000,0.00000000,-1.00000000,0.00000000,0.00000000,-1.00000000,0.00000000,0.00000000,0.88787897,0.00000000,0.00000000,-0.88787897,0.00000000,0.00000000,-0.88787897,0.00000000,0.00000000,1.41421356,1.25565048,-0.62782524,-0.00000000,-0.70710678
62,integer,0.00000000,0.00000000,-1.00000000,0.00000000,0.00000000,1.00000000,0.00000000,0.00000000,1.00000000,0.00000000,0.00000000,-1.00000000,0.00000000,0.00000000,1.00000000,0.00000000,0.00000000,1.41421356,1.41421356,0.00000000,-0.70710678,0.00000000
63,integer,0.00000000,0.00000000,1.00000000,0.00000000,0.00000000,-1.00000000,0.00000000,0.00000000,1.00000000,0.00000000,0.00000000,1.00000000,0.00000000,0.00000000,-1.00000000,0.00000000,0.00000000,1.41421356,1.41421356,0.00000000,0.70710678,0.00000000
64,integer,0.00000000,0.00000000,1.00000000,0.00000000,0.00000000,1.00000000,0.00000000,0.00000000,1.11212103,0.00000000,0.00000000,1.11212103,0.00000000,0.00000000,1.11212103,0.00000000,0.00000000,1.41421356,1.57277664,0.78638832,0.00000000,0.70710678
65,integer,0.00000000,0.00000000,-1.00000000,0.00000000,0.00000000,0.00000000,-1.00000000,0.00000000,0.88787897,0.00000000,0.00000000,-0.88787897,0.00000000,0.00000000,0.00000000,-0.88787897,0.00000000,1.41421356,1.25565048,-0.62782524,-0.00000000,-0.70710678
66,integer,0.00000000,0.00000000,-1.00000000,0.00000000,0.00000000,0.00000000,1.00000000,0.00000000,1.00000000,0.00000000,0.00000000,-1.00000000,0.00000000,0.00000000,0.00000000,1.00000000,0.00000000,1.41421356,1.41421356,0.00000000,-0.70710678,0.00000000
67,integer,0.00000000,0.00000000,1.00000000,0.00000000,0.00000000,0.00000000,-1.00000000,0.00000000,1.00000000,0.00000000,0.00000000,1.00000000,0.00000000,0.00000000,0.00000000,-1.00000000,0.00000000,1.41421356,1.41421356,0.00000000,0.70710678,0.00000000
68,integer,0.00000000,0.00000000,1.00000000,0.00000000,0.00000000,0.00000000,1.00000000,0.00000000,1.11212103,0.00000000,0.00000000,1.11212103,0.00000000,0.00000000,0.00000000,1.11212103,0.00000000,1.41421356,1.57277664,0.78638832,0.00000000,0.70710678
69,integer,0.00000000,0.00000000,-1.00000000,0.00000000,0.00000000,0.00000000,0.00000000,-1.00000000,0.88787897,0.00000000,0.00000000,-0.88787897,0.00000000,0.00000000,0.00000000,0.00000000,-0.88787897,1.41421356,1.25565048,-0.62782524,-0.00000000,-0.70710678
70,integer,0.00000000,0.00000000,-1.00000000,0.00000000,0.00000000,0.00000000,0.00000000,1.00000000,1.00000000,0.00000000,0.00000000,-1.00000000,0.00000000,0.00000000,0.00000000,0.00000000,1.00000000,1.41421356,1.41421356,0.00000000,-0.70710678,0.00000000
71,integer,0.00000000,0.00000000,1.00000000,0.00000000,0.00000000,0.00000000,0.00000000,-1.00000000,1.00000000,0.00000000,0.00000000,1.00000000,0.00000000,0.00000000,0.00000000,0.00000000,-1.00000000,1.41421356,1.41421356,0.00000000,0.70710678,0.00000000
72,integer,0.00000000,0.00000000,1.00000000,0.00000000,0.00000000,0.00000000,0.00000000,1.00000000,1.11212103,0.00000000,0.00000000,1.11212103,0.00000000,0.00000000,0.00000000,0.00000000,1.11212103,1.41421356,1.57277664,0.78638832,0.00000000,0.70710678
73,integer,0.00000000,0.00000000,0.00000000,-1.00000000,-1.00000000,0.00000000,0.00000000,0.00000000,0.88787897,0.00000000,0.00000000,0.00000000,-0.88787897,-0.88787897,0.00000000,0.00000000,0.00000000,1.41421356,1.25565048,-0.62782524,-0.00000000,-0.70710678
74,integer,0.00000000,0.00000000,0.00000000,-1.00000000,1.00000000,0.00000000,0.00000000,0.00000000,1.00000000,0.00000000,0.00000000,0.00000000,-1.00000000,1.00000000,0.00000000,0.00000000,0.00000000,1.41421356,1.41421356,0.00000000,-0.70710678,0.00000000
75,integer,0.00000000,0.00000000,0.00000000,1.00000000,-1.00000000,0.00000000,0.00000000,0.00000000,1.00000000,0.00000000,0.00000000,0.00000000,1.00000000,-1.00000000,0.00000000,0.00000000,0.00000000,1.41421356,1.41421356,0.00000000,0.70710678,0.00000000
76,integer,0.00000000,0.00000000,0.00000000,1.00000000,1.00000000,0.00000000,0.00000000,0.00000000,1.11212103,0.00000000,0.00000000,0.00000000,1.11212103,1.11212103,0.00000000,0.00000000,0.00000000,1.41421356,1.57277664,0.78638832,0.00000000,0.70710678
77,integer,0.00000000,0.00000000,0.00000000,-1.00000000,0.00000000,-1.00000000,0.00000000,0.00000000,0.88787897,0.00000000,0.00000000,0.00000000,-0.88787897,0.00000000,-0.88787897,0.00000000,0.00000000,1.41421356,1.25565048,-0.62782524,-0.00000000,-0.70710678
78,integer,0.00000000,0.00000000,0.00000000,-1.00000000,0.00000000,1.00000000,0.00000000,0.00000000,1.00000000,0.00000000,0.00000000,0.00000000,-1.00000000,0.00000000,1.00000000,0.00000000,0.00000000,1.41421356,1.41421356,0.00000000,-0.70710678,0.00000000
79,integer,0.00000000,0.00000000,0.00000000,1.00000000,0.00000000,-1.00000000,0.00000000,0.00000000,1.00000000,0.00000000,0.00000000,0.00000000,1.00000000,0.00000000,-1.00000000,0.00000000,0.00000000,1.41421356,1.41421356,0.00000000,0.70710678,0.00000000
80,integer,0.00000000,0.00000000,0.00000000,1.00000000,0.00000000,1.00000000,0.00000000,0.00000000,1.11212103,0.00000000,0.00000000,0.00000000,1.11212103,0.00000000,1.11212103,0.00000000,0.00000000,1.41421356,1.57277664,0.78638832,0.00000000,0.70710678
81,integer,0.00000000,0.00000000,0.00000000,-1.00000000,0.00000000,0.00000000,-1.00000000,0.00000000,0.88787897,0.00000000,0.00000000,0.00000000,-0.88787897,0.00000000,0.00000000,-0.88787897,0.00000000,1.41421356,1.25565048,-0.62782524,-0.00000000,-0.70710678
82,integer,0.00000000,0.00000000,0.00000000,-1.00000000,0.00000000,0.00000000,1.00000000,0.00000000,1.00000000,0.00000000,0.00000000,0.00000000,-1.00000000,0.00000000,0.00000000,1.00000000,0.00000000,1.41421356,1.41421356,0.00000000,-0.70710678,0.00000000
83,integer,0.00000000,0.00000000,0.00000000,1.00000000,0.00000000,0.00000000,-1.00000000,0.00000000,1.00000000,0.00000000,0.00000000,0.00000000,1.00000000,0.00000000,0.00000000,-1.00000000,0.00000000,1.41421356,1.41421356,0.00000000,0.70710678,0.00000000
84,integer,0.00000000,0.00000000,0.00000000,1.00000000,0.00000000,0.00000000,1.00000000,0.00000000,1.11212103,0.00000000,0.00000000,0.00000000,1.11212103,0.00000000,0.00000000,1.11212103,0.00000000,1.41421356,1.57277664,0.78638832,0.00000000,0.70710678
85,integer,0.00000000,0.00000000,0.00000000,-1.00000000,0.00000000,0.00000000,0.00000000,-1.00000000,0.88787897,0.00000000,0.00000000,0.00000000,-0.88787897,0.00000000,0.00000000,0.00000000,-0.88787897,1.41421356,1.25565048,-0.62782524,-0.00000000,-0.70710678
86,integer,0.00000000,0.00000000,0.00000000,-1.00000000,0.00000000,0.00000000,0.00000000,1.00000000,1.00000000,0.00000000,0.00000000,0.00000000,-1.00000000,0.00000000,0.00000000,0.00000000,1.00000000,1.41421356,1.41421356,0.00000000,-0.70710678,0.00000000
87,integer,0.00000000,0.00000000,0.00000000,1.00000000,0.00000000,0.00000000,0.00000000,-1.00000000,1.00000000,0.00000000,0.00000000,0.00000000,1.00000000,0.00000000,0.00000000,0.00000000,-1.00000000,1.41421356,1.41421356,0.00000000,0.70710678,0.00000000
88,integer,0.00000000,0.00000000,0.00000000,1.00000000,0.00000000,0.00000000,0.00000000,1.00000000,1.11212103,0.00000000,0.00000000,0.00000000,1.11212103,0.00000000,0.00000000,0.00000000,1.11212103,1.41421356,1.57277664,0.78638832,0.00000000,0.70710678
89,integer,0.00000000,0.00000000,0.00000000,0.00000000,-1.00000000,-1.00000000,0.00000000,0.00000000,0.88787897,0.00000000,0.00000000,0.00000000,0.00000000,-0.88787897,-0.88787897,0.00000000,0.00000000,1.41421356,1.25565048,-0.62782524,0.62782524,-0.70710678
90,integer,0.00000000,0.00000000,0.00000000,0.00000000,-1.00000000,1.00000000,0.00000000,0.00000000,1.00000000,0.00000000,0.00000000,0.00000000,0.00000000,-1.00000000,1.00000000,0.00000000,0.00000000,1.41421356,1.41421356,0.00000000,0.00000000,0.00000000
91,integer,0.00000000,0.00000000,0.00000000,0.00000000,1.00000000,-1.00000000,0.00000000,0.00000000,1.00000000,0.00000000,0.00000000,0.00000000,0.00000000,1.00000000,-1.00000000,0.00000000,0.00000000,1.41421356,1.41421356,0.00000000,0.00000000,0.00000000
92,integer,0.00000000,0.00000000,0.00000000,0.00000000,1.00000000,1.00000000,0.00000000,0.00000000,1.11212103,0.00000000,0.00000000,0.00000000,0.00000000,1.11212103,1.11212103,0.00000000,0.00000000,1.41421356,1.57277664,0.78638832,-0.78638832,0.70710678
93,integer,0.00000000,0.00000000,0.00000000,0.00000000,-1.00000000,0.00000000,-1.00000000,0.00000000,0.88787897,0.00000000,0.00000000,0.00000000,0.00000000,-0.88787897,0.00000000,-0.88787897,0.00000000,1.41421356,1.25565048,-0.62782524,0.62782524,-0.70710678
94,integer,0.00000000,0.00000000,0.00000000,0.00000000,-1.00000000,0.00000000,1.00000000,0.00000000,1.00000000,0.00000000,0.00000000,0.00000000,0.00000000,-1.00000000,0.00000000,1.00000000,0.00000000,1.41421356,1.41421356,0.00000000,0.00000000,0.00000000
95,integer,0.00000000,0.00000000,0.00000000,0.00000000,1.00000000,0.00000000,-1.00000000,0.00000000,1.00000000,0.00000000,0.00000000,0.00000000,0.00000000,1.00000000,0.00000000,-1.00000000,0.00000000,1.41421356,1.41421356,0.00000000,0.00000000,0.00000000
96,integer,0.00000000,0.00000000,0.00000000,0.00000000,1.00000000,0.00000000,1.00000000,0.00000000,1.11212103,0.00000000,0.00000000,0.00000000,0.00000000,1.11212103,0.00000000,1.11212103,0.00000000,1.41421356,1.57277664,0.78638832,-0.78638832,0.70710678
97,integer,0.00000000,0.00000000,0.00000000,0.00000000,-1.00000000,0.00000000,0.00000000,-1.00000000,0.88787897,0.00000000,0.00000000,0.00000000,0.00000000,-0.88787897,0.00000000,0.00000000,-0.88787897,1.41421356,1.25565048,-0.62782524,0.62782524,-0.70710678
98,integer,0.00000000,0.00000000,0.00000000,0.00000000,-1.00000000,0.00000000,0.00000000,1.00000000,1.00000000,0.00000000,0.00000000,0.00000000,0.00000000,-1.00000000,0.00000000,0.00000000,1.00000000,1.41421356,1.41421356,0.00000000,0.00000000,0.00000000
99,integer,0.00000000,0.00000000,0.00000000,0.00000000,1.00000000,0.00000000,0.00000000,-1.00000000,1.00000000,0.00000000,0.00000000,0.00000000,0.00000000,1.00000000,0.00000000,0.00000000,-1.00000000,1.41421356,1.41421356,0.00000000,0.00000000,0.00000000
100,integer,0.00000000,0.00000000,0.00000000,0.00000000,1.00000000,0.00000000,0.00000000,1.00000000,1.11212103,0.00000000,0.00000000,0.00000000,0.00000000,1.11212103,0.00000000,0.00000000,1.11212103,1.41421356,1.57277664,0.78638832,-0.78638832,0.70710678
101,integer,0.00000000,0.00000000,0.00000000,0.00000000,0.00000000,-1.00000000,-1.00000000,0.00000000,0.88787897,0.00000000,0.00000000,0.00000000,0.00000000,0.00000000,-0.88787897,-0.88787897,0.00000000,1.41421356,1.25565048,-0.62782524,0.62782524,-0.70710678
102,integer,0.00000000,0.00000000,0.00000000,0.00000000,0.00000000,-1.00000000,1.00000000,0.00000000,1.00000000,0.00000000,0.00000000,0.00000000,0.00000000,0.00000000,-1.00000000,1.00000000,0.00000000,1.41421356,1.41421356,0.00000000,0.00000000,0.00000000
103,integer,0.00000000,0.00000000,0.00000000,0.00000000,0.00000000,1.00000000,-1.00000000,0.00000000,1.00000000,0.00000000,0.00000000,0.00000000,0.00000000,0.00000000,1.00000000,-1.00000000,0.00000000,1.41421356,1.41421356,0.00000000,0.00000000,0.00000000
104,integer,0.00000000,0.00000000,0.00000000,0.00000000,0.00000000,1.00000000,1.00000000,0.00000000,1.11212103,0.00000000,0.00000000,0.00000000,0.00000000,0.00000000,1.11212103,1.11212103,0.00000000,1.41421356,1.57277664,0.78638832,-0.78638832,0.70710678
105,integer,0.00000000,0.00000000,0.00000000,0.00000000,0.00000000,-1.00000000,0.00000000,-1.00000000,0.88787897,0.00000000,0.00000000,0.00000000,0.00000000,0.00000000,-0.88787897,0.00000000,-0.88787897,1.41421356,1.25565048,-0.62782524,0.62782524,-0.70710678
106,integer,0.00000000,0.00000000,0.00000000,0.00000000,0.00000000,-1.00000000,0.00000000,1.00000000,1.00000000,0.00000000,0.00000000,0.00000000,0.00000000,0.00000000,-1.00000000,0.00000000,1.00000000,1.41421356,1.41421356,0.00000000,0.00000000,0.00000000
107,integer,0.00000000,0.00000000,0.00000000,0.00000000,0.00000000,1.00000000,0.00000000,-1.00000000,1.00000000,0.00000000,0.00000000,0.00000000,0.00000000,0.00000000,1.00000000,0.00000000,-1.00000000,1.41421356,1.41421356,0.00000000,0.00000000,0.00000000
108,integer,0.00000000,0.00000000,0.00000000,0.00000000,0.00000000,1.00000000,0.00000000,1.00000000,1.11212103,0.00000000,0.00000000,0.00000000,0.00000000,0.00000000,1.11212103,0.00000000,1.11212103,1.41421356,1.57277664,0.78638832,-0.78638832,0.70710678
109,integer,0.00000000,0.00000000,0.00000000,0.00000000,0.00000000,0.00000000,-1.00000000,-1.00000000,0.88787897,0.00000000,0.00000000,0.00000000,0.00000000,0.00000000,0.00000000,-0.88787897,-0.88787897,1.41421356,1.25565048,-0.62782524,0.62782524,-0.70710678
110,integer,0.00000000,0.00000000,0.00000000,0.00000000,0.00000000,0.00000000,-1.00000000,1.00000000,1.00000000,0.00000000,0.00000000,0.00000000,0.00000000,0.00000000,0.00000000,-1.00000000,1.00000000,1.41421356,1.41421356,0.00000000,0.00000000,0.00000000
111,integer,0.00000000,0.00000000,0.00000000,0.00000000,0.00000000,0.00000000,1.00000000,-1.00000000,1.00000000,0.00000000,0.00000000,0.00000000,0.00000000,0.00000000,0.00000000,1.00000000,-1.00000000,1.41421356,1.41421356,0.00000000,0.00000000,0.00000000
112,integer,0.00000000,0.00000000,0.00000000,0.00000000,0.00000000,0.00000000,1.00000000,1.00000000,1.11212103,0.00000000,0.00000000,0.00000000,0.00000000,0.00000000,0.00000000,1.11212103,1.11212103,1.41421356,1.57277664,0.78638832,-0.78638832,0.70710678
113,half,-0.50000000,-0.50000000,-0.50000000,-0.50000000,-0.50000000,-0.50000000,-0.50000000,-0.50000000,0.82952119,-0.41476059,-0.41476059,-0.41476059,-0.41476059,-0.41476059,-0.41476059,-0.41476059,-0.41476059,1.41421356,1.17312012,-1.17312012,-0.00000000,-1.41421356
114,half,-0.50000000,-0.50000000,-0.50000000,-0.50000000,-0.50000000,-0.50000000,0.50000000,0.50000000,0.88787897,-0.44393949,-0.44393949,-0.44393949,-0.44393949,-0.44393949,-0.44393949,0.44393949,0.44393949,1.41421356,1.25565048,-0.62782524,-0.62782524,-0.70710678
115,half,-0.50000000,-0.50000000,-0.50000000,-0.50000000,-0.50000000,0.50000000,-0.50000000,0.50000000,0.88787897,-0.44393949,-0.44393949,-0.44393949,-0.44393949,-0.44393949,0.44393949,-0.44393949,0.44393949,1.41421356,1.25565048,-0.62782524,-0.62782524,-0.70710678
116,half,-0.50000000,-0.50000000,-0.50000000,-0.50000000,-0.50000000,0.50000000,0.50000000,-0.50000000,0.88787897,-0.44393949,-0.44393949,-0.44393949,-0.44393949,-0.44393949,0.44393949,0.44393949,-0.44393949,1.41421356,1.25565048,-0.62782524,-0.62782524,-0.70710678
117,half,-0.50000000,-0.50000000,-0.50000000,-0.50000000,0.50000000,-0.50000000,-0.50000000,0.50000000,0.88787897,-0.44393949,-0.44393949,-0.44393949,-0.44393949,0.44393949,-0.44393949,-0.44393949,0.44393949,1.41421356,1.25565048,-0.62782524,-0.62782524,-0.70710678
118,half,-0.50000000,-0.50000000,-0.50000000,-0.50000000,0.50000000,-0.50000000,0.50000000,-0.50000000,0.88787897,-0.44393949,-0.44393949,-0.44393949,-0.44393949,0.44393949,-0.44393949,0.44393949,-0.44393949,1.41421356,1.25565048,-0.62782524,-0.62782524,-0.70710678
119,half,-0.50000000,-0.50000000,-0.50000000,-0.50000000,0.50000000,0.50000000,-0.50000000,-0.50000000,0.88787897,-0.44393949,-0.44393949,-0.44393949,-0.44393949,0.44393949,0.44393949,-0.44393949,-0.44393949,1.41421356,1.25565048,-0.62782524,-0.62782524,-0.70710678
120,half,-0.50000000,-0.50000000,-0.50000000,-0.50000000,0.50000000,0.50000000,0.50000000,0.50000000,1.00000000,-0.50000000,-0.50000000,-0.50000000,-0.50000000,0.50000000,0.50000000,0.50000000,0.50000000,1.41421356,1.41421356,0.00000000,-1.41421356,0.00000000
121,half,-0.50000000,-0.50000000,-0.50000000,0.50000000,-0.50000000,-0.50000000,-0.50000000,0.50000000,0.88787897,-0.44393949,-0.44393949,-0.44393949,0.44393949,-0.44393949,-0.44393949,-0.44393949,0.44393949,1.41421356,1.25565048,-0.62782524,-0.00000000,-0.70710678
122,half,-0.50000000,-0.50000000,-0.50000000,0.50000000,-0.50000000,-0.50000000,0.50000000,-0.50000000,0.88787897,-0.44393949,-0.44393949,-0.44393949,0.44393949,-0.44393949,-0.44393949,0.44393949,-0.44393949,1.41421356,1.25565048,-0.62782524,-0.00000000,-0.70710678
123,half,-0.50000000,-0.50000000,-0.50000000,0.50000000,-0.50000000,0.50000000,-0.50000000,-0.50000000,0.88787897,-0.44393949,-0.44393949,-0.44393949,0.44393949,-0.44393949,0.44393949,-0.44393949,-0.44393949,1.41421356,1.25565048,-0.62782524,-0.00000000,-0.70710678
124,half,-0.50000000,-0.50000000,-0.50000000,0.50000000,-0.50000000,0.50000000,0.50000000,0.50000000,1.00000000,-0.50000000,-0.50000000,-0.50000000,0.50000000,-0.50000000,0.50000000,0.50000000,0.50000000,1.41421356,1.41421356,0.00000000,-0.70710678,0.00000000
125,half,-0.50000000,-0.50000000,-0.50000000,0.50000000,0.50000000,-0.50000000,-0.50000000,-0.50000000,0.88787897,-0.44393949,-0.44393949,-0.44393949,0.44393949,0.44393949,-0.44393949,-0.44393949,-0.44393949,1.41421356,1.25565048,-0.62782524,-0.00000000,-0.70710678
126,half,-0.50000000,-0.50000000,-0.50000000,0.50000000,0.50000000,-0.50000000,0.50000000,0.50000000,1.00000000,-0.50000000,-0.50000000,-0.50000000,0.50000000,0.50000000,-0.50000000,0.50000000,0.50000000,1.41421356,1.41421356,0.00000000,-0.70710678,0.00000000
127,half,-0.50000000,-0.50000000,-0.50000000,0.50000000,0.50000000,0.50000000,-0.50000000,0.50000000,1.00000000,-0.50000000,-0.50000000,-0.50000000,0.50000000,0.50000000,0.50000000,-0.50000000,0.50000000,1.41421356,1.41421356,0.00000000,-0.70710678,0.00000000
128,half,-0.50000000,-0.50000000,-0.50000000,0.50000000,0.50000000,0.50000000,0.50000000,-0.50000000,1.00000000,-0.50000000,-0.50000000,-0.50000000,0.50000000,0.50000000,0.50000000,0.50000000,-0.50000000,1.41421356,1.41421356,0.00000000,-0.70710678,0.00000000
129,half,-0.50000000,-0.50000000,0.50000000,-0.50000000,-0.50000000,-0.50000000,-0.50000000,0.50000000,0.88787897,-0.44393949,-0.44393949,0.44393949,-0.44393949,-0.44393949,-0.44393949,-0.44393949,0.44393949,1.41421356,1.25565048,-0.62782524,-0.00000000,-0.70710678
130,half,-0.50000000,-0.50000000,0.50000000,-0.50000000,-0.50000000,-0.50000000,0.50000000,-0.50000000,0.88787897,-0.44393949,-0.44393949,0.44393949,-0.44393949,-0.44393949,-0.44393949,0.44393949,-0.44393949,1.41421356,1.25565048,-0.62782524,-0.00000000,-0.70710678
131,half,-0.50000000,-0.50000000,0.50000000,-0.50000000,-0.50000000,0.50000000,-0.50000000,-0.50000000,0.88787897,-0.44393949,-0.44393949,0.44393949,-0.44393949,-0.44393949,0.44393949,-0.44393949,-0.44393949,1.41421356,1.25565048,-0.62782524,-0.00000000,-0.70710678
132,half,-0.50000000,-0.50000000,0.50000000,-0.50000000,-0.50000000,0.50000000,0.50000000,0.50000000,1.00000000,-0.50000000,-0.50000000,0.50000000,-0.50000000,-0.50000000,0.50000000,0.50000000,0.50000000,1.41421356,1.41421356,0.00000000,-0.70710678,0.00000000
133,half,-0.50000000,-0.50000000,0.50000000,-0.50000000,0.50000000,-0.50000000,-0.50000000,-0.50000000,0.88787897,-0.44393949,-0.44393949,0.44393949,-0.44393949,0.44393949,-0.44393949,-0.44393949,-0.44393949,1.41421356,1.25565048,-0.62782524,-0.00000000,-0.70710678
134,half,-0.50000000,-0.50000000,0.50000000,-0.50000000,0.50000000,-0.50000000,0.50000000,0.50000000,1.00000000,-0.50000000,-0.50000000,0.50000000,-0.50000000,0.50000000,-0.50000000,0.50000000,0.50000000,1.41421356,1.41421356,0.00000000,-0.70710678,0.00000000
135,half,-0.50000000,-0.50000000,0.50000000,-0.50000000,0.50000000,0.50000000,-0.50000000,0.50000000,1.00000000,-0.50000000,-0.50000000,0.50000000,-0.50000000,0.50000000,0.50000000,-0.50000000,0.50000000,1.41421356,1.41421356,0.00000000,-0.70710678,0.00000000
136,half,-0.50000000,-0.50000000,0.50000000,-0.50000000,0.50000000,0.50000000,0.50000000,-0.50000000,1.00000000,-0.50000000,-0.50000000,0.50000000,-0.50000000,0.50000000,0.50000000,0.50000000,-0.50000000,1.41421356,1.41421356,0.00000000,-0.70710678,0.00000000
137,half,-0.50000000,-0.50000000,0.50000000,0.50000000,-0.50000000,-0.50000000,-0.50000000,-0.50000000,0.88787897,-0.44393949,-0.44393949,0.44393949,0.44393949,-0.44393949,-0.44393949,-0.44393949,-0.44393949,1.41421356,1.25565048,-0.62782524,0.62782524,-0.70710678
138,half,-0.50000000,-0.50000000,0.50000000,0.50000000,-0.50000000,-0.50000000,0.50000000,0.50000000,1.00000000,-0.50000000,-0.50000000,0.50000000,0.50000000,-0.50000000,-0.50000000,0.50000000,0.50000000,1.41421356,1.41421356,0.00000000,0.00000000,0.00000000
139,half,-0.50000000,-0.50000000,0.50000000,0.50000000,-0.50000000,0.50000000,-0.50000000,0.50000000,1.00000000,-0.50000000,-0.50000000,0.50000000,0.50000000,-0.50000000,0.50000000,-0.50000000,0.50000000,1.41421356,1.41421356,0.00000000,0.00000000,0.00000000
140,half,-0.50000000,-0.50000000,0.50000000,0.50000000,-0.50000000,0.50000000,0.50000000,-0.50000000,1.00000000,-0.50000000,-0.50000000,0.50000000,0.50000000,-0.50000000,0.50000000,0.50000000,-0.50000000,1.41421356,1.41421356,0.00000000,0.00000000,0.00000000
141,half,-0.50000000,-0.50000000,0.50000000,0.50000000,0.50000000,-0.50000000,-0.50000000,0.50000000,1.00000000,-0.50000000,-0.50000000,0.50000000,0.50000000,0.50000000,-0.50000000,-0.50000000,0.50000000,1.41421356,1.41421356,0.00000000,0.00000000,0.00000000
142,half,-0.50000000,-0.50000000,0.50000000,0.50000000,0.50000000,-0.50000000,0.50000000,-0.50000000,1.00000000,-0.50000000,-0.50000000,0.50000000,0.50000000,0.50000000,-0.50000000,0.50000000,-0.50000000,1.41421356,1.41421356,0.00000000,0.00000000,0.00000000
143,half,-0.50000000,-0.50000000,0.50000000,0.50000000,0.50000000,0.50000000,-0.50000000,-0.50000000,1.00000000,-0.50000000,-0.50000000,0.50000000,0.50000000,0.50000000,0.50000000,-0.50000000,-0.50000000,1.41421356,1.41421356,0.00000000,0.00000000,0.00000000
144,half,-0.50000000,-0.50000000,0.50000000,0.50000000,0.50000000,0.50000000,0.50000000,0.50000000,1.11212103,-0.55606051,-0.55606051,0.55606051,0.55606051,0.55606051,0.55606051,0.55606051,0.55606051,1.41421356,1.57277664,0.78638832,-0.78638832,0.70710678
145,half,-0.50000000,0.50000000,-0.50000000,-0.50000000,-0.50000000,-0.50000000,-0.50000000,0.50000000,0.88787897,-0.44393949,0.44393949,-0.44393949,-0.44393949,-0.44393949,-0.44393949,-0.44393949,0.44393949,1.41421356,1.25565048,-0.62782524,-0.00000000,-0.70710678
146,half,-0.50000000,0.50000000,-0.50000000,-0.50000000,-0.50000000,-0.50000000,0.50000000,-0.50000000,0.88787897,-0.44393949,0.44393949,-0.44393949,-0.44393949,-0.44393949,-0.44393949,0.44393949,-0.44393949,1.41421356,1.25565048,-0.62782524,-0.00000000,-0.70710678
147,half,-0.50000000,0.50000000,-0.50000000,-0.50000000,-0.50000000,0.50000000,-0.50000000,-0.50000000,0.88787897,-0.44393949,0.44393949,-0.44393949,-0.44393949,-0.44393949,0.44393949,-0.44393949,-0.44393949,1.41421356,1.25565048,-0.62782524,-0.00000000,-0.70710678
148,half,-0.50000000,0.50000000,-0.50000000,-0.50000000,-0.50000000,0.50000000,0.50000000,0.50000000,1.00000000,-0.50000000,0.50000000,-0.50000000,-0.50000000,-0.50000000,0.50000000,0.50000000,0.50000000,1.41421356,1.41421356,0.00000000,-0.70710678,0.00000000
149,half,-0.50000000,0.50000000,-0.50000000,-0.50000000,0.50000000,-0.50000000,-0.50000000,-0.50000000,0.88787897,-0.44393949,0.44393949,-0.44393949,-0.44393949,0.44393949,-0.44393949,-0.44393949,-0.44393949,1.41421356,1.25565048,-0.62782524,-0.00000000,-0.70710678
150,half,-0.50000000,0.50000000,-0.50000000,-0.50000000,0.50000000,-0.50000000,0.50000000,0.50000000,1.00000000,-0.50000000,0.50000000,-0.50000000,-0.50000000,0.50000000,-0.50000000,0.50000000,0.50000000,1.41421356,1.41421356,0.00000000,-0.70710678,0.00000000
151,half,-0.50000000,0.50000000,-0.50000000,-0.50000000,0.50000000,0.50000000,-0.50000000,0.50000000,1.00000000,-0.50000000,0.50000000,-0.50000000,-0.50000000,0.50000000,0.50000000,-0.50000000,0.50000000,1.41421356,1.41421356,0.00000000,-0.70710678,0.00000000
152,half,-0.50000000,0.50000000,-0.50000000,-0.50000000,0.50000000,0.50000000,0.50000000,-0.50000000,1.00000000,-0.50000000,0.50000000,-0.50000000,-0.50000000,0.50000000,0.50000000,0.50000000,-0.50000000,1.41421356,1.41421356,0.00000000,-0.70710678,0.00000000
153,half,-0.50000000,0.50000000,-0.50000000,0.50000000,-0.50000000,-0.50000000,-0.50000000,-0.50000000,0.88787897,-0.44393949,0.44393949,-0.44393949,0.44393949,-0.44393949,-0.44393949,-0.44393949,-0.44393949,1.41421356,1.25565048,-0.62782524,0.62782524,-0.70710678
154,half,-0.50000000,0.50000000,-0.50000000,0.50000000,-0.50000000,-0.50000000,0.50000000,0.50000000,1.00000000,-0.50000000,0.50000000,-0.50000000,0.50000000,-0.50000000,-0.50000000,0.50000000,0.50000000,1.41421356,1.41421356,0.00000000,0.00000000,0.00000000
155,half,-0.50000000,0.50000000,-0.50000000,0.50000000,-0.50000000,0.50000000,-0.50000000,0.50000000,1.00000000,-0.50000000,0.50000000,-0.50000000,0.50000000,-0.50000000,0.50000000,-0.50000000,0.50000000,1.41421356,1.41421356,0.00000000,0.00000000,0.00000000
156,half,-0.50000000,0.50000000,-0.50000000,0.50000000,-0.50000000,0.50000000,0.50000000,-0.50000000,1.00000000,-0.50000000,0.50000000,-0.50000000,0.50000000,-0.50000000,0.50000000,0.50000000,-0.50000000,1.41421356,1.41421356,0.00000000,0.00000000,0.00000000
157,half,-0.50000000,0.50000000,-0.50000000,0.50000000,0.50000000,-0.50000000,-0.50000000,0.50000000,1.00000000,-0.50000000,0.50000000,-0.50000000,0.50000000,0.50000000,-0.50000000,-0.50000000,0.50000000,1.41421356,1.41421356,0.00000000,0.00000000,0.00000000
158,half,-0.50000000,0.50000000,-0.50000000,0.50000000,0.50000000,-0.50000000,0.50000000,-0.50000000,1.00000000,-0.50000000,0.50000000,-0.50000000,0.50000000,0.50000000,-0.50000000,0.50000000,-0.50000000,1.41421356,1.41421356,0.00000000,0.00000000,0.00000000
159,half,-0.50000000,0.50000000,-0.50000000,0.50000000,0.50000000,0.50000000,-0.50000000,-0.50000000,1.00000000,-0.50000000,0.50000000,-0.50000000,0.50000000,0.50000000,0.50000000,-0.50000000,-0.50000000,1.41421356,1.41421356,0.00000000,0.00000000,0.00000000
160,half,-0.50000000,0.50000000,-0.50000000,0.50000000,0.50000000,0.50000000,0.50000000,0.50000000,1.11212103,-0.55606051,0.55606051,-0.55606051,0.55606051,0.55606051,0.55606051,0.55606051,0.55606051,1.41421356,1.57277664,0.78638832,-0.78638832,0.70710678
161,half,-0.50000000,0.50000000,0.50000000,-0.50000000,-0.50000000,-0.50000000,-0.50000000,-0.50000000,0.88787897,-0.44393949,0.44393949,0.44393949,-0.44393949,-0.44393949,-0.44393949,-0.44393949,-0.44393949,1.41421356,1.25565048,-0.62782524,0.62782524,-0.70710678
162,half,-0.50000000,0.50000000,0.50000000,-0.50000000,-0.50000000,-0.50000000,0.50000000,0.50000000,1.00000000,-0.50000000,0.50000000,0.50000000,-0.50000000,-0.50000000,-0.50000000,0.50000000,0.50000000,1.41421356,1.41421356,0.00000000,0.00000000,0.00000000
163,half,-0.50000000,0.50000000,0.50000000,-0.50000000,-0.50000000,0.50000000,-0.50000000,0.50000000,1.00000000,-0.50000000,0.50000000,0.50000000,-0.50000000,-0.50000000,0.50000000,-0.50000000,0.50000000,1.41421356,1.41421356,0.00000000,0.00000000,0.00000000
164,half,-0.50000000,0.50000000,0.50000000,-0.50000000,-0.50000000,0.50000000,0.50000000,-0.50000000,1.00000000,-0.50000000,0.50000000,0.50000000,-0.50000000,-0.50000000,0.50000000,0.50000000,-0.50000000,1.41421356,1.41421356,0.00000000,0.00000000,0.00000000
165,half,-0.50000000,0.50000000,0.50000000,-0.50000000,0.50000000,-0.50000000,-0.50000000,0.50000000,1.00000000,-0.50000000,0.50000000,0.50000000,-0.50000000,0.50000000,-0.50000000,-0.50000000,0.50000000,1.41421356,1.41421356,0.00000000,0.00000000,0.00000000
166,half,-0.50000000,0.50000000,0.50000000,-0.50000000,0.50000000,-0.50000000,0.50000000,-0.50000000,1.00000000,-0.50000000,0.50000000,0.50000000,-0.50000000,0.50000000,-0.50000000,0.50000000,-0.50000000,1.41421356,1.41421356,0.00000000,0.00000000,0.00000000
167,half,-0.50000000,0.50000000,0.50000000,-0.50000000,0.50000000,0.50000000,-0.50000000,-0.50000000,1.00000000,-0.50000000,0.50000000,0.50000000,-0.50000000,0.50000000,0.50000000,-0.50000000,-0.50000000,1.41421356,1.41421356,0.00000000,0.00000000,0.00000000
168,half,-0.50000000,0.50000000,0.50000000,-0.50000000,0.50000000,0.50000000,0.50000000,0.50000000,1.11212103,-0.55606051,0.55606051,0.55606051,-0.55606051,0.55606051,0.55606051,0.55606051,0.55606051,1.41421356,1.57277664,0.78638832,-0.78638832,0.70710678
169,half,-0.50000000,0.50000000,0.50000000,0.50000000,-0.50000000,-0.50000000,-0.50000000,0.50000000,1.00000000,-0.50000000,0.50000000,0.50000000,0.50000000,-0.50000000,-0.50000000,-0.50000000,0.50000000,1.41421356,1.41421356,0.00000000,0.70710678,0.00000000
170,half,-0.50000000,0.50000000,0.50000000,0.50000000,-0.50000000,-0.50000000,0.50000000,-0.50000000,1.00000000,-0.50000000,0.50000000,0.50000000,0.50000000,-0.50000000,-0.50000000,0.50000000,-0.50000000,1.41421356,1.41421356,0.00000000,0.70710678,0.00000000
171,half,-0.50000000,0.50000000,0.50000000,0.50000000,-0.50000000,0.50000000,-0.50000000,-0.50000000,1.00000000,-0.50000000,0.50000000,0.50000000,0.50000000,-0.50000000,0.50000000,-0.50000000,-0.50000000,1.41421356,1.41421356,0.00000000,0.70710678,0.00000000
172,half,-0.50000000,0.50000000,0.50000000,0.50000000,-0.50000000,0.50000000,0.50000000,0.50000000,1.11212103,-0.55606051,0.55606051,0.55606051,0.55606051,-0.55606051,0.55606051,0.55606051,0.55606051,1.41421356,1.57277664,0.78638832,-0.00000000,0.70710678
173,half,-0.50000000,0.50000000,0.50000000,0.50000000,0.50000000,-0.50000000,-0.50000000,-0.50000000,1.00000000,-0.50000000,0.50000000,0.50000000,0.50000000,0.50000000,-0.50000000,-0.50000000,-0.50000000,1.41421356,1.41421356,0.00000000,0.70710678,0.00000000
174,half,-0.50000000,0.50000000,0.50000000,0.50000000,0.50000000,-0.50000000,0.50000000,0.50000000,1.11212103,-0.55606051,0.55606051,0.55606051,0.55606051,0.55606051,-0.55606051,0.55606051,0.55606051,1.41421356,1.57277664,0.78638832,-0.00000000,0.70710678
175,half,-0.50000000,0.50000000,0.50000000,0.50000000,0.50000000,0.50000000,-0.50000000,0.50000000,1.11212103,-0.55606051,0.55606051,0.55606051,0.55606051,0.55606051,0.55606051,-0.55606051,0.55606051,1.41421356,1.57277664,0.78638832,-0.00000000,0.70710678
176,half,-0.50000000,0.50000000,0.50000000,0.50000000,0.50000000,0.50000000,0.50000000,-0.50000000,1.11212103,-0.55606051,0.55606051,0.55606051,0.55606051,0.55606051,0.55606051,0.55606051,-0.55606051,1.41421356,1.57277664,0.78638832,-0.00000000,0.70710678
177,half,0.50000000,-0.50000000,-0.50000000,-0.50000000,-0.50000000,-0.50000000,-0.50000000,0.50000000,0.88787897,0.44393949,-0.44393949,-0.44393949,-0.44393949,-0.44393949,-0.44393949,-0.44393949,0.44393949,1.41421356,1.25565048,-0.62782524,0.00000000,-0.70710678
178,half,0.50000000,-0.50000000,-0.50000000,-0.50000000,-0.50000000,-0.50000000,0.50000000,-0.50000000,0.88787897,0.44393949,-0.44393949,-0.44393949,-0.44393949,-0.44393949,-0.44393949,0.44393949,-0.44393949,1.41421356,1.25565048,-0.62782524,0.00000000,-0.70710678
179,half,0.50000000,-0.50000000,-0.50000000,-0.50000000,-0.50000000,0.50000000,-0.50000000,-0.50000000,0.88787897,0.44393949,-0.44393949,-0.44393949,-0.44393949,-0.44393949,0.44393949,-0.44393949,-0.44393949,1.41421356,1.25565048,-0.62782524,0.00000000,-0.70710678
180,half,0.50000000,-0.50000000,-0.50000000,-0.50000000,-0.50000000,0.50000000,0.50000000,0.50000000,1.00000000,0.50000000,-0.50000000,-0.50000000,-0.50000000,-0.50000000,0.50000000,0.50000000,0.50000000,1.41421356,1.41421356,0.00000000,-0.70710678,0.00000000
181,half,0.50000000,-0.50000000,-0.50000000,-0.50000000,0.50000000,-0.50000000,-0.50000000,-0.50000000,0.88787897,0.44393949,-0.44393949,-0.44393949,-0.44393949,0.44393949,-0.44393949,-0.44393949,-0.44393949,1.41421356,1.25565048,-0.62782524,0.00000000,-0.70710678
182,half,0.50000000,-0.50000000,-0.50000000,-0.50000000,0.50000000,-0.50000000,0.50000000,0.50000000,1.00000000,0.50000000,-0.50000000,-0.50000000,-0.50000000,0.50000000,-0.50000000,0.50000000,0.50000000,1.41421356,1.41421356,0.00000000,-0.70710678,0.00000000
183,half,0.50000000,-0.50000000,-0.50000000,-0.50000000,0.50000000,0.50000000,-0.50000000,0.50000000,1.00000000,0.50000000,-0.50000000,-0.50000000,-0.50000000,0.50000000,0.50000000,-0.50000000,0.50000000,1.41421356,1.41421356,0.00000000,-0.70710678,0.00000000
184,half,0.50000000,-0.50000000,-0.50000000,-0.50000000,0.50000000,0.50000000,0.50000000,-0.50000000,1.00000000,0.50000000,-0.50000000,-0.50000000,-0.50000000,0.50000000,0.50000000,0.50000000,-0.50000000,1.41421356,1.41421356,0.00000000,-0.70710678,0.00000000
185,half,0.50000000,-0.50000000,-0.50000000,0.50000000,-0.50000000,-0.50000000,-0.50000000,-0.50000000,0.88787897,0.44393949,-0.44393949,-0.44393949,0.44393949,-0.44393949,-0.44393949,-0.44393949,-0.44393949,1.41421356,1.25565048,-0.62782524,0.62782524,-0.70710678
186,half,0.50000000,-0.50000000,-0.50000000,0.50000000,-0.50000000,-0.50000000,0.50000000,0.50000000,1.00000000,0.50000000,-0.50000000,-0.50000000,0.50000000,-0.50000000,-0.50000000,0.50000000,0.50000000,1.41421356,1.41421356,0.00000000,0.00000000,0.00000000
187,half,0.50000000,-0.50000000,-0.50000000,0.50000000,-0.50000000,0.50000000,-0.50000000,0.50000000,1.00000000,0.50000000,-0.50000000,-0.50000000,0.50000000,-0.50000000,0.50000000,-0.50000000,0.50000000,1.41421356,1.41421356,0.00000000,0.00000000,0.00000000
188,half,0.50000000,-0.50000000,-0.50000000,0.50000000,-0.50000000,0.50000000,0.50000000,-0.50000000,1.00000000,0.50000000,-0.50000000,-0.50000000,0.50000000,-0.50000000,0.50000000,0.50000000,-0.50000000,1.41421356,1.41421356,0.00000000,0.00000000,0.00000000
189,half,0.50000000,-0.50000000,-0.50000000,0.50000000,0.50000000,-0.50000000,-0.50000000,0.50000000,1.00000000,0.50000000,-0.50000000,-0.50000000,0.50000000,0.50000000,-0.50000000,-0.50000000,0.50000000,1.41421356,1.41421356,0.00000000,0.00000000,0.00000000
190,half,0.50000000,-0.50000000,-0.50000000,0.50000000,0.50000000,-0.50000000,0.50000000,-0.50000000,1.00000000,0.50000000,-0.50000000,-0.50000000,0.50000000,0.50000000,-0.50000000,0.50000000,-0.50000000,1.41421356,1.41421356,0.00000000,0.00000000,0.00000000
191,half,0.50000000,-0.50000000,-0.50000000,0.50000000,0.50000000,0.50000000,-0.50000000,-0.50000000,1.00000000,0.50000000,-0.50000000,-0.50000000,0.50000000,0.50000000,0.50000000,-0.50000000,-0.50000000,1.41421356,1.41421356,0.00000000,0.00000000,0.00000000
192,half,0.50000000,-0.50000000,-0.50000000,0.50000000,0.50000000,0.50000000,0.50000000,0.50000000,1.11212103,0.55606051,-0.55606051,-0.55606051,0.55606051,0.55606051,0.55606051,0.55606051,0.55606051,1.41421356,1.57277664,0.78638832,-0.78638832,0.70710678
193,half,0.50000000,-0.50000000,0.50000000,-0.50000000,-0.50000000,-0.50000000,-0.50000000,-0.50000000,0.88787897,0.44393949,-0.44393949,0.44393949,-0.44393949,-0.44393949,-0.44393949,-0.44393949,-0.44393949,1.41421356,1.25565048,-0.62782524,0.62782524,-0.70710678
194,half,0.50000000,-0.50000000,0.50000000,-0.50000000,-0.50000000,-0.50000000,0.50000000,0.50000000,1.00000000,0.50000000,-0.50000000,0.50000000,-0.50000000,-0.50000000,-0.50000000,0.50000000,0.50000000,1.41421356,1.41421356,0.00000000,0.00000000,0.00000000
195,half,0.50000000,-0.50000000,0.50000000,-0.50000000,-0.50000000,0.50000000,-0.50000000,0.50000000,1.00000000,0.50000000,-0.50000000,0.50000000,-0.50000000,-0.50000000,0.50000000,-0.50000000,0.50000000,1.41421356,1.41421356,0.00000000,0.00000000,0.00000000
196,half,0.50000000,-0.50000000,0.50000000,-0.50000000,-0.50000000,0.50000000,0.50000000,-0.50000000,1.00000000,0.50000000,-0.50000000,0.50000000,-0.50000000,-0.50000000,0.50000000,0.50000000,-0.50000000,1.41421356,1.41421356,0.00000000,0.00000000,0.00000000
197,half,0.50000000,-0.50000000,0.50000000,-0.50000000,0.50000000,-0.50000000,-0.50000000,0.50000000,1.00000000,0.50000000,-0.50000000,0.50000000,-0.50000000,0.50000000,-0.50000000,-0.50000000,0.50000000,1.41421356,1.41421356,0.00000000,0.00000000,0.00000000
198,half,0.50000000,-0.50000000,0.50000000,-0.50000000,0.50000000,-0.50000000,0.50000000,-0.50000000,1.00000000,0.50000000,-0.50000000,0.50000000,-0.50000000,0.50000000,-0.50000000,0.50000000,-0.50000000,1.41421356,1.41421356,0.00000000,0.00000000,0.00000000
199,half,0.50000000,-0.50000000,0.50000000,-0.50000000,0.50000000,0.50000000,-0.50000000,-0.50000000,1.00000000,0.50000000,-0.50000000,0.50000000,-0.50000000,0.50000000,0.50000000,-0.50000000,-0.50000000,1.41421356,1.41421356,0.00000000,0.00000000,0.00000000
200,half,0.50000000,-0.50000000,0.50000000,-0.50000000,0.50000000,0.50000000,0.50000000,0.50000000,1.11212103,0.55606051,-0.55606051,0.55606051,-0.55606051,0.55606051,0.55606051,0.55606051,0.55606051,1.41421356,1.57277664,0.78638832,-0.78638832,0.70710678
201,half,0.50000000,-0.50000000,0.50000000,0.50000000,-0.50000000,-0.50000000,-0.50000000,0.50000000,1.00000000,0.50000000,-0.50000000,0.50000000,0.50000000,-0.50000000,-0.50000000,-0.50000000,0.50000000,1.41421356,1.41421356,0.00000000,0.70710678,0.00000000
202,half,0.50000000,-0.50000000,0.50000000,0.50000000,-0.50000000,-0.50000000,0.50000000,-0.50000000,1.00000000,0.50000000,-0.50000000,0.50000000,0.50000000,-0.50000000,-0.50000000,0.50000000,-0.50000000,1.41421356,1.41421356,0.00000000,0.70710678,0.00000000
203,half,0.50000000,-0.50000000,0.50000000,0.50000000,-0.50000000,0.50000000,-0.50000000,-0.50000000,1.00000000,0.50000000,-0.50000000,0.50000000,0.50000000,-0.50000000,0.50000000,-0.50000000,-0.50000000,1.41421356,1.41421356,0.00000000,0.70710678,0.00000000
204,half,0.50000000,-0.50000000,0.50000000,0.50000000,-0.50000000,0.50000000,0.50000000,0.50000000,1.11212103,0.55606051,-0.55606051,0.55606051,0.55606051,-0.55606051,0.55606051,0.55606051,0.55606051,1.41421356,1.57277664,0.78638832,0.00000000,0.70710678
205,half,0.50000000,-0.50000000,0.50000000,0.50000000,0.50000000,-0.50000000,-0.50000000,-0.50000000,1.00000000,0.50000000,-0.50000000,0.50000000,0.50000000,0.50000000,-0.50000000,-0.50000000,-0.50000000,1.41421356,1.41421356,0.00000000,0.70710678,0.00000000
206,half,0.50000000,-0.50000000,0.50000000,0.50000000,0.50000000,-0.50000000,0.50000000,0.50000000,1.11212103,0.55606051,-0.55606051,0.55606051,0.55606051,0.55606051,-0.55606051,0.55606051,0.55606051,1.41421356,1.57277664,0.78638832,0.00000000,0.70710678
207,half,0.50000000,-0.50000000,0.50000000,0.50000000,0.50000000,0.50000000,-0.50000000,0.50000000,1.11212103,0.55606051,-0.55606051,0.55606051,0.55606051,0.55606051,0.55606051,-0.55606051,0.55606051,1.41421356,1.57277664,0.78638832,0.00000000,0.70710678
208,half,0.50000000,-0.50000000,0.50000000,0.50000000,0.50000000,0.50000000,0.50000000,-0.50000000,1.11212103,0.55606051,-0.55606051,0.55606051,0.55606051,0.55606051,0.55606051,0.55606051,-0.55606051,1.41421356,1.57277664,0.78638832,0.00000000,0.70710678
209,half,0.50000000,0.50000000,-0.50000000,-0.50000000,-0.50000000,-0.50000000,-0.50000000,-0.50000000,0.88787897,0.44393949,0.44393949,-0.44393949,-0.44393949,-0.44393949,-0.44393949,-0.44393949,-0.44393949,1.41421356,1.25565048,-0.62782524,0.62782524,-0.70710678
210,half,0.50000000,0.50000000,-0.50000000,-0.50000000,-0.50000000,-0.50000000,0.50000000,0.50000000,1.00000000,0.50000000,0.50000000,-0.50000000,-0.50000000,-0.50000000,-0.50000000,0.50000000,0.50000000,1.41421356,1.41421356,0.00000000,0.00000000,0.00000000
211,half,0.50000000,0.50000000,-0.50000000,-0.50000000,-0.50000000,0.50000000,-0.50000000,0.50000000,1.00000000,0.50000000,0.50000000,-0.50000000,-0.50000000,-0.50000000,0.50000000,-0.50000000,0.50000000,1.41421356,1.41421356,0.00000000,0.00000000,0.00000000
212,half,0.50000000,0.50000000,-0.50000000,-0.50000000,-0.50000000,0.50000000,0.50000000,-0.50000000,1.00000000,0.50000000,0.50000000,-0.50000000,-0.50000000,-0.50000000,0.50000000,0.50000000,-0.50000000,1.41421356,1.41421356,0.00000000,0.00000000,0.00000000
213,half,0.50000000,0.50000000,-0.50000000,-0.50000000,0.50000000,-0.50000000,-0.50000000,0.50000000,1.00000000,0.50000000,0.50000000,-0.50000000,-0.50000000,0.50000000,-0.50000000,-0.50000000,0.50000000,1.41421356,1.41421356,0.00000000,0.00000000,0.00000000
214,half,0.50000000,0.50000000,-0.50000000,-0.50000000,0.50000000,-0.50000000,0.50000000,-0.50000000,1.00000000,0.50000000,0.50000000,-0.50000000,-0.50000000,0.50000000,-0.50000000,0.50000000,-0.50000000,1.41421356,1.41421356,0.00000000,0.00000000,0.00000000
215,half,0.50000000,0.50000000,-0.50000000,-0.50000000,0.50000000,0.50000000,-0.50000000,-0.50000000,1.00000000,0.50000000,0.50000000,-0.50000000,-0.50000000,0.50000000,0.50000000,-0.50000000,-0.50000000,1.41421356,1.41421356,0.00000000,0.00000000,0.00000000
216,half,0.50000000,0.50000000,-0.50000000,-0.50000000,0.50000000,0.50000000,0.50000000,0.50000000,1.11212103,0.55606051,0.55606051,-0.55606051,-0.55606051,0.55606051,0.55606051,0.55606051,0.55606051,1.41421356,1.57277664,0.78638832,-0.78638832,0.70710678
217,half,0.50000000,0.50000000,-0.50000000,0.50000000,-0.50000000,-0.50000000,-0.50000000,0.50000000,1.00000000,0.50000000,0.50000000,-0.50000000,0.50000000,-0.50000000,-0.50000000,-0.50000000,0.50000000,1.41421356,1.41421356,0.00000000,0.70710678,0.00000000
218,half,0.50000000,0.50000000,-0.50000000,0.50000000,-0.50000000,-0.50000000,0.50000000,-0.50000000,1.00000000,0.50000000,0.50000000,-0.50000000,0.50000000,-0.50000000,-0.50000000,0.50000000,-0.50000000,1.41421356,1.41421356,0.00000000,0.70710678,0.00000000
219,half,0.50000000,0.50000000,-0.50000000,0.50000000,-0.50000000,0.50000000,-0.50000000,-0.50000000,1.00000000,0.50000000,0.50000000,-0.50000000,0.50000000,-0.50000000,0.50000000,-0.50000000,-0.50000000,1.41421356,1.41421356,0.00000000,0.70710678,0.00000000
220,half,0.50000000,0.50000000,-0.50000000,0.50000000,-0.50000000,0.50000000,0.50000000,0.50000000,1.11212103,0.55606051,0.55606051,-0.55606051,0.55606051,-0.55606051,0.55606051,0.55606051,0.55606051,1.41421356,1.57277664,0.78638832,0.00000000,0.70710678
221,half,0.50000000,0.50000000,-0.50000000,0.50000000,0.50000000,-0.50000000,-0.50000000,-0.50000000,1.00000000,0.50000000,0.50000000,-0.50000000,0.50000000,0.50000000,-0.50000000,-0.50000000,-0.50000000,1.41421356,1.41421356,0.00000000,0.70710678,0.00000000
222,half,0.50000000,0.50000000,-0.50000000,0.50000000,0.50000000,-0.50000000,0.50000000,0.50000000,1.11212103,0.55606051,0.55606051,-0.55606051,0.55606051,0.55606051,-0.55606051,0.55606051,0.55606051,1.41421356,1.57277664,0.78638832,0.00000000,0.70710678
223,half,0.50000000,0.50000000,-0.50000000,0.50000000,0.50000000,0.50000000,-0.50000000,0.50000000,1.11212103,0.55606051,0.55606051,-0.55606051,0.55606051,0.55606051,0.55606051,-0.55606051,0.55606051,1.41421356,1.57277664,0.78638832,0.00000000,0.70710678
224,half,0.50000000,0.50000000,-0.50000000,0.50000000,0.50000000,0.50000000,0.50000000,-0.50000000,1.11212103,0.55606051,0.55606051,-0.55606051,0.55606051,0.55606051,0.55606051,0.55606051,-0.55606051,1.41421356,1.57277664,0.78638832,0.00000000,0.70710678
225,half,0.50000000,0.50000000,0.50000000,-0.50000000,-0.50000000,-0.50000000,-0.50000000,0.50000000,1.00000000,0.50000000,0.50000000,0.50000000,-0.50000000,-0.50000000,-0.50000000,-0.50000000,0.50000000,1.41421356,1.41421356,0.00000000,0.70710678,0.00000000
226,half,0.50000000,0.50000000,0.50000000,-0.50000000,-0.50000000,-0.50000000,0.50000000,-0.50000000,1.00000000,0.50000000,0.50000000,0.50000000,-0.50000000,-0.50000000,-0.50000000,0.50000000,-0.50000000,1.41421356,1.41421356,0.00000000,0.70710678,0.00000000
227,half,0.50000000,0.50000000,0.50000000,-0.50000000,-0.50000000,0.50000000,-0.50000000,-0.50000000,1.00000000,0.50000000,0.50000000,0.50000000,-0.50000000,-0.50000000,0.50000000,-0.50000000,-0.50000000,1.41421356,1.41421356,0.00000000,0.70710678,0.00000000
228,half,0.50000000,0.50000000,0.50000000,-0.50000000,-0.50000000,0.50000000,0.50000000,0.50000000,1.11212103,0.55606051,0.55606051,0.55606051,-0.55606051,-0.55606051,0.55606051,0.55606051,0.55606051,1.41421356,1.57277664,0.78638832,0.00000000,0.70710678
229,half,0.50000000,0.50000000,0.50000000,-0.50000000,0.50000000,-0.50000000,-0.50000000,-0.50000000,1.00000000,0.50000000,0.50000000,0.50000000,-0.50000000,0.50000000,-0.50000000,-0.50000000,-0.50000000,1.41421356,1.41421356,0.00000000,0.70710678,0.00000000
230,half,0.50000000,0.50000000,0.50000000,-0.50000000,0.50000000,-0.50000000,0.50000000,0.50000000,1.11212103,0.55606051,0.55606051,0.55606051,-0.55606051,0.55606051,-0.55606051,0.55606051,0.55606051,1.41421356,1.57277664,0.78638832,0.00000000,0.70710678
231,half,0.50000000,0.50000000,0.50000000,-0.50000000,0.50000000,0.50000000,-0.50000000,0.50000000,1.11212103,0.55606051,0.55606051,0.55606051,-0.55606051,0.55606051,0.55606051,-0.55606051,0.55606051,1.41421356,1.57277664,0.78638832,0.00000000,0.70710678
232,half,0.50000000,0.50000000,0.50000000,-0.50000000,0.50000000,0.50000000,0.50000000,-0.50000000,1.11212103,0.55606051,0.55606051,0.55606051,-0.55606051,0.55606051,0.55606051,0.55606051,-0.55606051,1.41421356,1.57277664,0.78638832,0.00000000,0.70710678
233,half,0.50000000,0.50000000,0.50000000,0.50000000,-0.50000000,-0.50000000,-0.50000000,-0.50000000,1.00000000,0.50000000,0.50000000,0.50000000,0.50000000,-0.50000000,-0.50000000,-0.50000000,-0.50000000,1.41421356,1.41421356,0.00000000,1.41421356,0.00000000
234,half,0.50000000,0.50000000,0.50000000,0.50000000,-0.50000000,-0.50000000,0.50000000,0.50000000,1.11212103,0.55606051,0.55606051,0.55606051,0.55606051,-0.55606051,-0.55606051,0.55606051,0.55606051,1.41421356,1.57277664,0.78638832,0.78638832,0.70710678
235,half,0.50000000,0.50000000,0.50000000,0.50000000,-0.50000000,0.50000000,-0.50000000,0.50000000,1.11212103,0.55606051,0.55606051,0.55606051,0.55606051,-0.55606051,0.55606051,-0.55606051,0.55606051,1.41421356,1.57277664,0.78638832,0.78638832,0.70710678
236,half,0.50000000,0.50000000,0.50000000,0.50000000,-0.50000000,0.50000000,0.50000000,-0.50000000,1.11212103,0.55606051,0.55606051,0.55606051,0.55606051,-0.55606051,0.55606051,0.55606051,-0.55606051,1.41421356,1.57277664,0.78638832,0.78638832,0.70710678
237,half,0.50000000,0.50000000,0.50000000,0.50000000,0.50000000,-0.50000000,-0.50000000,0.50000000,1.11212103,0.55606051,0.55606051,0.55606051,0.55606051,0.55606051,-0.55606051,-0.55606051,0.55606051,1.41421356,1.57277664,0.78638832,0.78638832,0.70710678
238,half,0.50000000,0.50000000,0.50000000,0.50000000,0.50000000,-0.50000000,0.50000000,-0.50000000,1.11212103,0.55606051,0.55606051,0.55606051,0.55606051,0.55606051,-0.55606051,0.55606051,-0.55606051,1.41421356,1.57277664,0.78638832,0.78638832,0.70710678
239,half,0.50000000,0.50000000,0.50000000,0.50000000,0.50000000,0.50000000,-0.50000000,-0.50000000,1.11212103,0.55606051,0.55606051,0.55606051,0.55606051,0.55606051,0.55606051,-0.55606051,-0.55606051,1.41421356,1.57277664,0.78638832,0.78638832,0.70710678
240,half,0.50000000,0.50000000,0.50000000,0.50000000,0.50000000,0.50000000,0.50000000,0.50000000,1.17047881,0.58523941,0.58523941,0.58523941,0.58523941,0.58523941,0.58523941,0.58523941,0.58523941,1.41421356,1.65530701,1.65530701,-0.00000000,1.41421356
